Nombre_bottom,Cantidad_Imágenes,Imagen1,Imagen2,Imagen3,Imagen4
AFTERLIFE ISLAND,2,"https://res.cloudinary.com/maaji/image/upload/v1527607060/Summer2018/2187SBC01_2187SDC01_black_1.jpg

",https://res.cloudinary.com/maaji/image/upload/v1527607061/Summer2018/2187SBC01_2187SDC01_black_2.jpg,,
AMARANTH MULATTA,2,"https://res.cloudinary.com/maaji/image/upload/v1528390810/Spring2018/2111SOB01_2111SOC01_purple_3.jpg

",https://res.cloudinary.com/maaji/image/upload/v1528390813/Spring2018/2111SOB01_2111SOC01_purple_4.jpg,,
WHEELS AND FRILLS,2,"https://res.cloudinary.com/maaji/image/upload/v1527192484/Summer2018/2062SBC11_2062SCC11_blue_1.jpg
",https://res.cloudinary.com/maaji/image/upload/v1527192488/Summer2018/2062SBC11_2062SCC11_blue_2.jpg,,
WAYUU ALLURE,2,https://res.cloudinary.com/maaji/image/upload/v1527194583/Summer2018/2114SAC03_2114SBC03_red_1.jpg,https://res.cloudinary.com/maaji/image/upload/v1527194588/Summer2018/2114SAC03_2114SBC03_red_2.jp,,
AMAZON RIVER,2,https://res.cloudinary.com/maaji/image/upload/v1528403551/Spring2018/2130SCC01_blue_1.jpg,https://res.cloudinary.com/maaji/image/upload/v1528403552/Spring2018/2130SCC01_blue_2.jpg,,
TOOCOOL FORSCHOOL,2,"https://res.cloudinary.com/maaji/image/upload/v1528470856/HigSummer2018/2194SBC01_2194SDC01_yellow_1.jpg
",https://res.cloudinary.com/maaji/image/upload/v1528470857/HigSummer2018/2194SBC01_2194SDC01_yellow_2.jpg,,
AMERICAN FLAMINGOS,2,"https://res.cloudinary.com/maaji/image/upload/v1527190935/Summer2018/2061SBC04_2061SCC04_blue_1.jpg

",https://res.cloudinary.com/maaji/image/upload/v1527190940/Summer2018/2061SBC04_2061SCC04_blue_2.jpg,,
ANDALUSIA FRILLS,2,"https://res.cloudinary.com/maaji/image/upload/v1527263239/Summer2018/2172SBC01_2172SDC01_red_1.jpg

",https://res.cloudinary.com/maaji/image/upload/v1527263242/Summer2018/2172SBC01_2172SDC01_red_2.jpg,,
TEMPO DUSK,2,"https://res.cloudinary.com/maaji/image/upload/v1527176290/Summer2018/2023SBC01_2023SCC01_orange_1.jpg

",https://res.cloudinary.com/maaji/image/upload/v1527176294/Summer2018/2023SBC01_2023SCC01_orange_2.jpg,,
ANDES FOLIAGE,2,"https://res.cloudinary.com/maaji/image/upload/v1528389788/Spring2018/2047SAC02_2047SBC02_blue_1.jpg

",https://res.cloudinary.com/maaji/image/upload/v1528389788/Spring2018/2047SAC02_2047SBC02_blue_2.jpg,,
ARAWAKS ROCKS,2,"https://res.cloudinary.com/maaji/image/upload/v1527096924/Summer2018/2062SBC10_2062SDC10_blue_1.jpg

",https://res.cloudinary.com/maaji/image/upload/v1527096929/Summer2018/2062SBC10_2062SDC10_blue_2.jpg,,
ARUSI MERLOT,2,"https://res.cloudinary.com/maaji/image/upload/v1528398416/Spring2018/2120SAC01_2120SBC01_purple_1.jpg

",https://res.cloudinary.com/maaji/image/upload/v1528398417/Spring2018/2120SAC01_2120SBC01_purple_2.jpg,,
BALLERINA ORNATE,4,"https://res.cloudinary.com/maaji/image/upload/v1527885346/Summer2018/3052SBC03_3052SDC03_pink_1.jpg


",https://res.cloudinary.com/maaji/image/upload/v1527885346/Summer2018/3052SBC03_3052SDC03_pink_2.jpg,https://res.cloudinary.com/maaji/image/upload/v1527885347/Summer2018/3052SBC03_3052SDC03_pink_5.jpg,https://res.cloudinary.com/maaji/image/upload/v1527885348/Summer2018/3052SBC03_3052SDC03_pink_6.jpg
SUNNY RIDES,2,"https://res.cloudinary.com/maaji/image/upload/v1527191626/Summer2018/2061SBC05_2061SDC05_blue_1.jpg
",https://res.cloudinary.com/maaji/image/upload/v1527191630/Summer2018/2061SBC05_2061SDC05_blue_2.jpg,,
BALLERINA SUBLIME,3,"https://res.cloudinary.com/maaji/image/upload/v1527612412/Summer2018/3007SAC18_3007SBC18_3007SCC18_3007SDC18_pink_1.jpg

",https://res.cloudinary.com/maaji/image/upload/v1527612412/Summer2018/3007SAC18_3007SBC18_3007SCC18_3007SDC18_pink_2.jpg,https://res.cloudinary.com/maaji/image/upload/v1527612413/Summer2018/3007SAC18_3007SBC18_3007SCC18_3007SDC18_pink_5.jpg,
SUNDOWN SOCIETY,4,"https://res.cloudinary.com/maaji/image/upload/v1527193145/Summer2018/2110SBC03_2110SDC03_orange_1.jpg


",https://res.cloudinary.com/maaji/image/upload/v1527193149/Summer2018/2110SBC03_2110SDC03_orange_2.jpg,https://res.cloudinary.com/maaji/image/upload/v1527193153/Summer2018/2110SBC03_2110SDC03_orange_5.jpg,https://res.cloudinary.com/maaji/image/upload/v1527193157/Summer2018/2110SBC03_2110SDC03_orange_6.jpg
STARGAZER SUBLIME,4,"https://res.cloudinary.com/maaji/image/upload/v1528404253/Spring2018/3007SAC06_3007SBC06_3007SCC06_3007SDC06_blue_1.jpg



",https://res.cloudinary.com/maaji/image/upload/v1528404253/Spring2018/3007SAC06_3007SBC06_3007SCC06_3007SDC06_blue_2.jpg,https://res.cloudinary.com/maaji/image/upload/v1528404254/Spring2018/3007SAC06_3007SBC06_3007SCC06_3007SDC06_blue_5.jpg,https://res.cloudinary.com/maaji/image/upload/v1528404255/Spring2018/3007SAC06_3007SBC06_3007SCC06_3007SDC06_blue_6.jpg
SURFER SCORPION,2,"https://res.cloudinary.com/maaji/image/upload/v1527607636/Summer2018/2187SSF01_orange_1.jpg
",https://res.cloudinary.com/maaji/image/upload/v1527607638/Summer2018/2187SSF01_orange_2.jpg,,
BLUE CACIQUE,4,"https://res.cloudinary.com/maaji/image/upload/v1527180019/Summer2018/2041SBC08_2041SCC08_blue_1.jpg



",https://res.cloudinary.com/maaji/image/upload/v1527180023/Summer2018/2041SBC08_2041SCC08_blue_2.jpg,https://res.cloudinary.com/maaji/image/upload/v1527180027/Summer2018/2041SBC08_2041SCC08_blue_5.jpg,https://res.cloudinary.com/maaji/image/upload/v1527180032/Summer2018/2041SBC08_2041SCC08_blue_6.jpg
BREAKFAST CLUB,2,"https://res.cloudinary.com/maaji/image/upload/v1528464112/HigSummer2018/2130SBC02_2130SCC02_blue_1.jpg
",https://res.cloudinary.com/maaji/image/upload/v1528464113/HigSummer2018/2130SBC02_2130SCC02_blue_2.jpg,,
BRISTLE GARDENS,2,"https://res.cloudinary.com/maaji/image/upload/v1528396788/Spring2018/2116SBC01_2116SDC01_purple_1.jpg
",https://res.cloudinary.com/maaji/image/upload/v1528396789/Spring2018/2116SBC01_2116SDC01_purple_2.jpg,,
BUMPY ROADS,2,"https://res.cloudinary.com/maaji/image/upload/v1527189480/Summer2018/2050SBC01_2050SDC01_black_1.jpg

",https://res.cloudinary.com/maaji/image/upload/v1527189486/Summer2018/2050SBC01_2050SDC01_black_2.jpg,,
STARGAZER ORNATE,4,https://res.cloudinary.com/maaji/image/upload/v1528418716/Spring2018/3052SBC01_3052SDC01_blue_1.jpg,https://res.cloudinary.com/maaji/image/upload/v1528418717/Spring2018/3052SBC01_3052SDC01_blue_2.jpg,https://res.cloudinary.com/maaji/image/upload/v1528418718/Spring2018/3052SBC01_3052SDC01_blue_5.jpg,https://res.cloudinary.com/maaji/image/upload/v1528418719/Spring2018/3052SBC01_3052SDC01_blue_6.jpg
CAPE LA VELA,2,https://res.cloudinary.com/maaji/image/upload/v1527258362/Summer2018/2166SOR01_2166SOH01_pink_3.jpg,https://res.cloudinary.com/maaji/image/upload/v1527258366/Summer2018/2166SOR01_2166SOH01_pink_4.jpg,,
CINNAMON ATTILA,2,https://res.cloudinary.com/maaji/image/upload/v1528395826/Spring2018/2114SBC01_2114SCC01_purple_1.jpg,https://res.cloudinary.com/maaji/image/upload/v1528395827/Spring2018/2114SBC01_2114SCC01_purple_2.jpg,,
STARGAZER HEAVENLY,2,"https://res.cloudinary.com/maaji/image/upload/v1528417897/Spring2018/3050SOH01_3050SOR01_blue_3.jpg

",https://res.cloudinary.com/maaji/image/upload/v1528417898/Spring2018/3050SOH01_3050SOR01_blue_4.jpg,,
CINNAMON SUBLIME,4,"https://res.cloudinary.com/maaji/image/upload/v1528404080/Spring2018/3007SAC04_3007SBC04_3007SCC04_3007SDC04_red_1.jpg


",https://res.cloudinary.com/maaji/image/upload/v1528404081/Spring2018/3007SAC04_3007SBC04_3007SCC04_3007SDC04_red_2.jpg,https://res.cloudinary.com/maaji/image/upload/v1528404082/Spring2018/3007SAC04_3007SBC04_3007SCC04_3007SDC04_red_5.jpg,https://res.cloudinary.com/maaji/image/upload/v1528404083/Spring2018/3007SAC04_3007SBC04_3007SCC04_3007SDC04_red_6.jpg
STARGAZER CASCADE,4,https://res.cloudinary.com/maaji/image/upload/v1528404735/Spring2018/3008SCC01_blue_1.jpg,https://res.cloudinary.com/maaji/image/upload/v1528404736/Spring2018/3008SCC01_blue_2.jpg,https://res.cloudinary.com/maaji/image/upload/v1528404737/Spring2018/3008SCC01_blue_5.jpg,https://res.cloudinary.com/maaji/image/upload/v1528404738/Spring2018/3008SCC01_blue_6.jpg
SPANISH EXPLORER,2,https://res.cloudinary.com/maaji/image/upload/v1527174551/Summer2018/1943SBC04_1943SCC04_blue_1.jpg,https://res.cloudinary.com/maaji/image/upload/v1527174556/Summer2018/1943SBC04_1943SCC04_blue_2.jpg,,
SONNY AND CHER,2,https://res.cloudinary.com/maaji/image/upload/v1528463589/HigSummer2018/2043SAC09_2043SBC09_yellow_1.jpg,https://res.cloudinary.com/maaji/image/upload/v1528463589/HigSummer2018/2043SAC09_2043SBC09_yellow_2.jpg,,
SOLANO BAY,2,https://res.cloudinary.com/maaji/image/upload/v1528399028/Spring2018/2122SOB01_2122SOC01_blue_3.jpg,https://res.cloudinary.com/maaji/image/upload/v1528399029/Spring2018/2122SOB01_2122SOC01_blue_4.jpg,,
SIXTEEN CANDIES,2,https://res.cloudinary.com/maaji/image/upload/v1528464017/HigSummer2018/2119SOH03_2119SOR03_yellow_3.jpg,https://res.cloudinary.com/maaji/image/upload/v1528464018/HigSummer2018/2119SOH03_2119SOR03_yellow_4.jpg,,
SHIMMERING COGNAC SUBLIME,4,"https://res.cloudinary.com/maaji/image/upload/v1527609561/Summer2018/3007SAC14_3007SBC14_3007SCC14_3007SDC14_brown_1.jpg
",https://res.cloudinary.com/maaji/image/upload/v1527609562/Summer2018/3007SAC14_3007SBC14_3007SCC14_3007SDC14_brown_2.jpg,https://res.cloudinary.com/maaji/image/upload/v1527609563/Summer2018/3007SAC14_3007SBC14_3007SCC14_3007SDC14_brown_5.jpg,https://res.cloudinary.com/maaji/image/upload/v1527609564/Summer2018/3007SAC14_3007SBC14_3007SCC14_3007SDC14_brown_6.jpg
CINNAMON SUNNY,4,https://res.cloudinary.com/maaji/image/upload/v1528406563/Spring2018/3044SBC01_3044SCC01_red_1.jpg,https://res.cloudinary.com/maaji/image/upload/v1528406564/Spring2018/3044SBC01_3044SCC01_red_2.jpg,https://res.cloudinary.com/maaji/image/upload/v1528406565/Spring2018/3044SBC01_3044SCC01_red_5.jpg,https://res.cloudinary.com/maaji/image/upload/v1528406566/Spring2018/3044SBC01_3044SCC01_red_6.jpg
SHIMMERING COGNAC CASCADE,4,https://res.cloudinary.com/maaji/image/upload/v1527625291/Summer2018/3008SCC02_brown_1.jpg,https://res.cloudinary.com/maaji/image/upload/v1527625292/Summer2018/3008SCC02_brown_2.jpg,https://res.cloudinary.com/maaji/image/upload/v1527625293/Summer2018/3008SCC02_brown_5.jpg,https://res.cloudinary.com/maaji/image/upload/v1527625294/Summer2018/3008SCC02_brown_6.jpg
COCONUT VALLEY,2,https://res.cloudinary.com/maaji/image/upload/v1528398553/Spring2018/2120SAC02_2120SBC02_blue_1.jpg,https://res.cloudinary.com/maaji/image/upload/v1528398555/Spring2018/2120SAC02_2120SBC02_blue_2.jpg,,
SHIMMERING CHESTNUT SUBLIME,4,https://res.cloudinary.com/maaji/image/upload/v1528471653/HigSummer2018/3007SAC23_3007SBC23_3007SCC23_3007SDC23_brown_1.jpg,https://res.cloudinary.com/maaji/image/upload/v1528471654/HigSummer2018/3007SAC23_3007SBC23_3007SCC23_3007SDC23_brown_2.jpg,https://res.cloudinary.com/maaji/image/upload/v1528471655/HigSummer2018/3007SAC23_3007SBC23_3007SCC23_3007SDC23_brown_5.jpg,https://res.cloudinary.com/maaji/image/upload/v1528471656/HigSummer2018/3007SAC23_3007SBC23_3007SCC23_3007SDC23_brown_6.jpg
CORAL REEF TOUCAN,2,"https://res.cloudinary.com/maaji/image/upload/v1527176870/Summer2018/2024SAC05_2024SBC05_red_1.jpg

",https://res.cloudinary.com/maaji/image/upload/v1527176875/Summer2018/2024SAC05_2024SBC05_red_2.jpg,,
SECOND NATURE,2,"https://res.cloudinary.com/maaji/image/upload/v1527609071/Summer2018/2188SBC01_2188SCC01_orange_1.jpg
",https://res.cloudinary.com/maaji/image/upload/v1527609072/Summer2018/2188SBC01_2188SCC01_orange_2.jpg,,
SEASHELLS NIGHTS,2,"https://res.cloudinary.com/maaji/image/upload/v1528336946/Spring2018/1943SAC01_1943SBC01_blue_1.jpg
",https://res.cloudinary.com/maaji/image/upload/v1528336947/Spring2018/1943SAC01_1943SBC01_blue_2.jpg,,
CRYSTAL BLUE SUBLIME,4,"https://res.cloudinary.com/maaji/image/upload/v1528471459/HigSummer2018/3007SAC22_3007SBC22_3007SCC22_3007SDC22_blue_1.jpg
",https://res.cloudinary.com/maaji/image/upload/v1528471460/HigSummer2018/3007SAC22_3007SBC22_3007SCC22_3007SDC22_blue_2.jpg,https://res.cloudinary.com/maaji/image/upload/v1528471461/HigSummer2018/3007SAC22_3007SBC22_3007SCC22_3007SDC22_blue_5.jpg,https://res.cloudinary.com/maaji/image/upload/v1528471462/HigSummer2018/3007SAC22_3007SBC22_3007SCC22_3007SDC22_blue_6.jpg
SCARLET CACIQUE,2,https://res.cloudinary.com/maaji/image/upload/v1528389367/Spring2018/2041SAC01_2041SBC01_wine_1.jpg,https://res.cloudinary.com/maaji/image/upload/v1528389368/Spring2018/2041SAC01_2041SBC01_wine_2.jpg,,
CUMBIA SOCIETY,2,"https://res.cloudinary.com/maaji/image/upload/v1528390466/Spring2018/2110SBC01_2110SDC01_purple_1.jpg
",https://res.cloudinary.com/maaji/image/upload/v1528390467/Spring2018/2110SBC01_2110SDC01_purple_2.jpg,,
SAND STONE SUBLIME,4,"https://res.cloudinary.com/maaji/image/upload/v1527612890/Summer2018/3007SAC19_3007SBC19_3007SCC19_3007SDC19_orange_1.jpg
",https://res.cloudinary.com/maaji/image/upload/v1527612890/Summer2018/3007SAC19_3007SBC19_3007SCC19_3007SDC19_orange_2.jpg,https://res.cloudinary.com/maaji/image/upload/v1527612891/Summer2018/3007SAC19_3007SBC19_3007SCC19_3007SDC19_orange_5.jpg,https://res.cloudinary.com/maaji/image/upload/v1527612892/Summer2018/3007SAC19_3007SBC19_3007SCC19_3007SDC19_orange_6.jpg
CURRANT COLOMBIA,2,"https://res.cloudinary.com/maaji/image/upload/v1528398259/Spring2018/2119SOH01_2119SOR01_purple_3.jpg
",https://res.cloudinary.com/maaji/image/upload/v1528398260/Spring2018/2119SOH01_2119SOR01_purple_4.jpg,,
SAND STONE RENDEZVOUS,4,https://res.cloudinary.com/maaji/image/upload/v1527270535/Summer2018/3013SBC04_3013SCC04_orange_5.jpg,https://res.cloudinary.com/maaji/image/upload/v1527270539/Summer2018/3013SBC04_3013SCC04_orange_6.jpg,https://res.cloudinary.com/maaji/image/upload/v1527270520/Summer2018/3013SBC04_3013SCC04_orange_1.jpg,https://res.cloudinary.com/maaji/image/upload/v1527270525/Summer2018/3013SBC04_3013SCC04_orange_2.jpg
SAND MOMENTUM,2,https://res.cloudinary.com/maaji/image/upload/v1527605991/Summer2018/2185SOB01_2185SOC01_orange_3.jpg,https://res.cloudinary.com/maaji/image/upload/v1527605992/Summer2018/2185SOB01_2185SOC01_orange_4.jpg,,
CURUBA HIBISCUS,2,https://res.cloudinary.com/maaji/image/upload/v1527192800/Summer2018/2062SBC12_2062SCC12_orange_1.jpg,https://res.cloudinary.com/maaji/image/upload/v1527192805/Summer2018/2062SBC12_2062SCC12_orange_2.jpg,,
ROSE VELVET,2,https://res.cloudinary.com/maaji/image/upload/v1528336602/Spring2018/1930SBC01_1930SCC01_purple_1.jpg,https://res.cloudinary.com/maaji/image/upload/v1528336603/Spring2018/1930SBC01_1930SCC01_purple_2.jpg,,
CURUBA TROPICA,2,https://res.cloudinary.com/maaji/image/upload/v1527191894/Summer2018/2062SBC09_2062SCC09_red_1.jpg,https://res.cloudinary.com/maaji/image/upload/v1527191900/Summer2018/2062SBC09_2062SCC09_red_2.jpg,,
RIOHACHA VILLAGE,2,https://res.cloudinary.com/maaji/image/upload/v1527195010/Summer2018/2119SOR02_2119SOH02_blue_3.jpg,https://res.cloudinary.com/maaji/image/upload/v1527195007/Summer2018/2119SOH02_blue_4.jpg,,
RED LEAVES,2,https://res.cloudinary.com/maaji/image/upload/v1527260998/Summer2018/2168SBC01_2168SCC01_red_1.jpg,https://res.cloudinary.com/maaji/image/upload/v1527261007/Summer2018/2168SBC01_2168SCC01_red_2.jpg,,
DAHLIA RENDEZVOUS,4,"https://res.cloudinary.com/maaji/image/upload/v1527639446/Summer2018/3013SBC03_3013SCC03_red_1.jpg
",https://res.cloudinary.com/maaji/image/upload/v1527639447/Summer2018/3013SBC03_3013SCC03_red_2.jpg,https://res.cloudinary.com/maaji/image/upload/v1527639448/Summer2018/3013SBC03_3013SCC03_red_5.jpg,https://res.cloudinary.com/maaji/image/upload/v1527639449/Summer2018/3013SBC03_3013SCC03_red_6.jpg
DAHLIA SUBLIME,4,"https://res.cloudinary.com/maaji/image/upload/v1527609866/Summer2018/3007SAC15_3007SBC15_3007SCC15_3007SDC15_red_1.jpg
",https://res.cloudinary.com/maaji/image/upload/v1527609867/Summer2018/3007SAC15_3007SBC15_3007SCC15_3007SDC15_red_2.jpg,https://res.cloudinary.com/maaji/image/upload/v1527609868/Summer2018/3007SAC15_3007SBC15_3007SCC15_3007SDc15_red_5.jpg,https://res.cloudinary.com/maaji/image/upload/v1527609869/Summer2018/3007SAC15_3007SBC15_3007SCC15_3007SDC15_red_6.jpg
PUNTA BAY,2,https://res.cloudinary.com/maaji/image/upload/v1527195280/Summer2018/2122SOB02_2122SOC02_black_3.jpg,https://res.cloudinary.com/maaji/image/upload/v1527195284/Summer2018/2122SOB02_2122SOC02_black_4.jpg,,
MEDITERRANEAN BLUE FLIRT,4,"https://res.cloudinary.com/maaji/image/upload/v1527640312/Summer2018/3039SBC05_3039SCC05_3039SDC05_blue_1.jpg
",https://res.cloudinary.com/maaji/image/upload/v1527640313/Summer2018/3039SBC05_3039SCC05_3039SDC05_blue_2.jpg,https://res.cloudinary.com/maaji/image/upload/v1527640314/Summer2018/3039SBC05_3039SCC05_3039SDC05_blue_5.jpg,https://res.cloudinary.com/maaji/image/upload/v1527640316/Summer2018/3039SBC05_3039SCC05_3039SDC05_blue_6.jpg
PEARL PROVINCE,2,https://res.cloudinary.com/maaji/image/upload/v1527183725/Summer2018/2047SBC05_2047SCC05_black_1.jpg,https://res.cloudinary.com/maaji/image/upload/v1527183730/Summer2018/2047SBC05_2047SCC05_black_2.jpg,,
PALOMINO SKY,2,https://res.cloudinary.com/maaji/image/upload/v1528390078/Spring2018/2062SBC02_2062SDC02_blue_1.jpg,https://res.cloudinary.com/maaji/image/upload/v1528390079/Spring2018/2062SBC02_2062SDC02_blue_2.jpg,,
OASIS GARDEN,4,"https://res.cloudinary.com/maaji/image/upload/v1527261161/Summer2018/2168SBC02_2168SDC02_orange_1.jpg
",https://res.cloudinary.com/maaji/image/upload/v1527261164/Summer2018/2168SBC02_2168SDC02_orange2.jpg,https://res.cloudinary.com/maaji/image/upload/v1527261167/Summer2018/2168SBC02_2168SDC02_orange_5.jpg,https://res.cloudinary.com/maaji/image/upload/v1527261170/Summer2018/2168SBC02_2168SDC02_orange_6.jpg
DESERT COMMAND,2,"https://res.cloudinary.com/maaji/image/upload/v1527602276/Summer2018/2182SOH01_2182SOR01_orange_3.jpg
",https://res.cloudinary.com/maaji/image/upload/v1527602277/Summer2018/2182SOH01_2182SOR01_orange_4.jpg,,
NIGHLTY OASIS,2,https://res.cloudinary.com/maaji/image/upload/v1527174257/Summer2018/1943SAC03_1943SBC03_black_1.jpg,https://res.cloudinary.com/maaji/image/upload/v1527174261/Summer2018/1943SAC03_1943SBC03_black_2.jpg,,
DOLCE VELOCE,2,https://res.cloudinary.com/maaji/image/upload/v1527096556/Summer2018/1932SAC02_1932SBC02_orange_1.jpg,https://res.cloudinary.com/maaji/image/upload/v1527096561/Summer2018/1932SAC02_1932SBC02_orange_2.jpg,,
NARLY DUDE,2,https://res.cloudinary.com/maaji/image/upload/v1528463727/HigSummer2018/2062SBC13_2062SCC13_blue_1.jpg,https://res.cloudinary.com/maaji/image/upload/v1528463728/HigSummer2018/2062SBC13_2062SCC13_blue_2.jpg,,
FESTIVE COQUETTE,2,https://res.cloudinary.com/maaji/image/upload/v1528390261/Spring2018/2062SBC03_2062SCC03_blue_1.jpg,https://res.cloudinary.com/maaji/image/upload/v1528390262/Spring2018/2062SBC03_2062SCC03_blue_2.jpg,,
METEORITE SUBLIME,4,"https://res.cloudinary.com/maaji/image/upload/v1527610961/Summer2018/3007SAC16_3007SBC16_3007SCC16_3007SDC16_black_1.jpg
",https://res.cloudinary.com/maaji/image/upload/v1527610964/Summer2018/3007SAC16_3007SBC16_3007SCC16_3007SDC16_black_2.jpg,https://res.cloudinary.com/maaji/image/upload/v1527610965/Summer2018/3007SAC16_3007SBC16_3007SCC16_3007SDC16_black_5.jpg,https://res.cloudinary.com/maaji/image/upload/v1527610966/Summer2018/3007SAC16_3007SBC16_3007SCC16_3007SDC16_black_6.jpg
METEORITE FLIRT,4,"https://res.cloudinary.com/maaji/image/upload/v1527640064/Summer2018/3039SBC04_3039SCC04_3039SDC04_black_1.jpg
",https://res.cloudinary.com/maaji/image/upload/v1527640065/Summer2018/3039SBC04_3039SCC04_3039SDC04_black_2.jpg,https://res.cloudinary.com/maaji/image/upload/v1527640066/Summer2018/3039SBC04_3039SCC04_3039SDC04_black_5.jpg,https://res.cloudinary.com/maaji/image/upload/v1527640067/Summer2018/3039SBC04_3039SCC04_3039SDC04_black_6.jpg
FLOWERY KNOTS,2,"https://res.cloudinary.com/maaji/image/upload/v1527190400/Summer2018/2061SBC02_2061SCC02_brown_1.jpg
",https://res.cloudinary.com/maaji/image/upload/v1527190405/Summer2018/2061SBC02_2061SCC02_brown_2.jpg,,
GARDEN PILOT,2,"https://res.cloudinary.com/maaji/image/upload/v1527190635/Summer2018/2061SBC03_2061SCC03_black_1.jpg
",https://res.cloudinary.com/maaji/image/upload/v1527190640/Summer2018/2061SBC03_2061SCC03_black_2.jpg,,
GORGONA FOREST,2,https://res.cloudinary.com/maaji/image/upload/v1528401777/Spring2018/2126SBC01_2126SDC01_blue_1.jpg,https://res.cloudinary.com/maaji/image/upload/v1528401778/Spring2018/2126SBC01_2126SDC01_blue_2.jpg,,
METEORITE COLOMBIA,4,https://res.cloudinary.com/maaji/image/upload/v1528040283/Summer2018/3067SOR01_3067SOH01_black_3.jpg,https://res.cloudinary.com/maaji/image/upload/v1528040287/Summer2018/3067SOR01_3067SOH01_black_4.jpg,https://res.cloudinary.com/maaji/image/upload/v1528040291/Summer2018/3067SOR01_3067SOH01_black_5.jpg,https://res.cloudinary.com/maaji/image/upload/v1528040297/Summer2018/3067SOR01_3067SOH01_black_6.jpg
GUAJIRA PARK,2,https://res.cloudinary.com/maaji/image/upload/v1527182685/Summer2018/2043SBC05_2043SCC05_red_1.jpg,https://res.cloudinary.com/maaji/image/upload/v1527182689/Summer2018/2043SBC05_2043SCC05_red_2.jpg,,
MELLOW YELLOW CANDY,4,https://res.cloudinary.com/maaji/image/upload/v1528474969/HigSummer2018/3072SBC07_3072SCC07_yellow_1.jpg,https://res.cloudinary.com/maaji/image/upload/v1528474970/HigSummer2018/3072SBC07_3072SCC07_yellow_2.jpg,https://res.cloudinary.com/maaji/image/upload/v1528474971/HigSummer2018/3072SBC07_3072SCC07_yellow_5.jpg,https://res.cloudinary.com/maaji/image/upload/v1528474972/HigSummer2018/3072SBC07_3072SCC07_yellow_6.jpg
GULF OF PARIA,2,https://res.cloudinary.com/maaji/image/upload/v1527179130/Summer2018/2041SAC07_2041SBC07_black_1.jpg,https://res.cloudinary.com/maaji/image/upload/v1527179135/Summer2018/2041SAC07_2041SBC07_black_2.jpg,,
MEDITERRANEAN BLUE SUBLIME,4,"https://res.cloudinary.com/maaji/image/upload/v1527611528/Summer2018/3007SAC17_3007SBC17_3007SCC17_3007SDC17_blue_1.jpg
",https://res.cloudinary.com/maaji/image/upload/v1527611529/Summer2018/3007SAC17_3007SBC17_3007SCC17_3007SDC17_blue_2.jpg,https://res.cloudinary.com/maaji/image/upload/v1527611529/Summer2018/3007SAC17_3007SBC17_3007SCC17_3007SDC17_blue_5.jpg,https://res.cloudinary.com/maaji/image/upload/v1527611531/Summer2018/3007SAC17_3007SBC17_3007SCC17_3007SDC17_blue_6.jpg
HERITAGE RENDEZVOUS,4,"https://res.cloudinary.com/maaji/image/upload/v1528406090/Spring2018/3013SBC02_blue_1.jpg
",https://res.cloudinary.com/maaji/image/upload/v1528406091/Spring2018/3013SBC02_blue_2.jpg,https://res.cloudinary.com/maaji/image/upload/v1528406092/Spring2018/3013SBC02_blue_5.jpg,https://res.cloudinary.com/maaji/image/upload/v1528406093/Spring2018/3013SBC02_blue_6.jpg
HERITAGE SUBLIME,4,"https://res.cloudinary.com/maaji/image/upload/v1528404506/Spring2018/3007SBC05_3007SCC05_blue_1.jpg
",https://res.cloudinary.com/maaji/image/upload/v1528404507/Spring2018/3007SBC05_3007SCC05_blue_2.jpg,https://res.cloudinary.com/maaji/image/upload/v1528404508/Spring2018/3007SBC05_3007SCC05_blue_5.jpg,https://res.cloudinary.com/maaji/image/upload/v1528404509/Spring2018/3007SBC05_3007SCC05_blue_6.jpg
MAUVE SUBLIME,4,https://res.cloudinary.com/maaji/image/upload/v1527624692/Summer2018/3007SAC20_3007SBC20_3007SCC20_3007SDC20_purple_1.jpg,https://res.cloudinary.com/maaji/image/upload/v1527624693/Summer2018/3007SAC20_3007SBC20_3007SCC20_3007SDC20_purple_2.jpg,https://res.cloudinary.com/maaji/image/upload/v1527624694/Summer2018/3007SAC20_3007SBC20_3007SCC20_3007SDC20_purple_5.jpg,https://res.cloudinary.com/maaji/image/upload/v1527624694/Summer2018/3007SAC20_3007SBC20_3007SCC20_3007SDC20_purple_6.jpg
HIDDEN LAGOON,2,"https://res.cloudinary.com/maaji/image/upload/v1527180838/Summer2018/2043SAC08_2043SBC08_blue_1.jpg
",https://res.cloudinary.com/maaji/image/upload/v1527181987/Summer2018/2043SAC08_2043SBC08_blue_2.jpg,,
MAUVE FLIRT,4,"https://res.cloudinary.com/maaji/image/upload/v1527641104/Summer2018/3039SBC06_3039SCC06_3039SDC06_purple_1.jpg
",https://res.cloudinary.com/maaji/image/upload/v1527641104/Summer2018/3039SBC06_3039SCC06_3039SDC06_purple_2.jpg,https://res.cloudinary.com/maaji/image/upload/v1527641105/Summer2018/3039SBC06_3039SCC06_3039SDC06_purple_5.jpg,https://res.cloudinary.com/maaji/image/upload/v1527641106/Summer2018/3039SBC06_3039SCC06_3039SDC06_purple_6.jpg
IN YOUR DREAMS,2,https://res.cloudinary.com/maaji/image/upload/v1528463869/HigSummer2018/2110SBC04_2110SDC04_blue_1.jpg,https://res.cloudinary.com/maaji/image/upload/v1528463870/HigSummer2018/2110SBC04_2110SDC04_blue_2.jpg,,
LIKE TOTALLY,2,https://res.cloudinary.com/maaji/image/upload/v1528463454/HigSummer2018/2024SAC06_2024SBC06_red_1.jpg,https://res.cloudinary.com/maaji/image/upload/v1528463454/HigSummer2018/2024SAC06_2024SBC06_red_2.jpg,,
JUNEBERRY FLIRT,4,https://res.cloudinary.com/maaji/image/upload/v1528406375/Spring2018/3039SBC02_3039SDC02_purple_1.jpg,https://res.cloudinary.com/maaji/image/upload/v1528406376/Spring2018/3039SBC02_3039SDC02_purple_2.jpg,https://res.cloudinary.com/maaji/image/upload/v1528406377/Spring2018/3039SBC02_3039SDC02_purple_5.jpg,https://res.cloudinary.com/maaji/image/upload/v1528406378/Spring2018/3039SBC02_3039SDC02_purple_6.jpg
JUNEBERRY SUBLIME,4,"https://res.cloudinary.com/maaji/image/upload/v1528403727/Spring2018/3007SAC03_3007SBC03_3007SCC03_3007SDC03_purple_1.jpg
",https://res.cloudinary.com/maaji/image/upload/v1528403729/Spring2018/3007SAC03_3007SBC03_3007SCC03_3007SDC03_purple_2.jpg,https://res.cloudinary.com/maaji/image/upload/v1528403729/Spring2018/3007SAC03_3007SBC03_3007SCC03_3007SDC03_purple_5.jpg,https://res.cloudinary.com/maaji/image/upload/v1528403730/Spring2018/3007SAC03_3007SBC03_3007SCC03_3007SDC03_purple_6.jpg
DAHLIA JUNGLE,4,"https://res.cloudinary.com/maaji/image/upload/v1527357191/Summer2018/2135SSF03_red_1.jpg
",https://res.cloudinary.com/maaji/image/upload/v1527357192/Summer2018/2135SSF03_red_2.jpg,https://res.cloudinary.com/maaji/image/upload/v1517865643/Summer2018/2135SSF03_red_3.jpg,https://res.cloudinary.com/maaji/image/upload/v1517865643/Summer2018/2135SSF03_red_4.jpg
ITS KNOT COLUMBIA,2,https://res.cloudinary.com/maaji/image/upload/v1529601797/Spring2018/2047SAC04_2047SBC04_green_1.jpg,https://res.cloudinary.com/maaji/image/upload/v1529601836/Spring2018/2047SAC04_2047SBC04_green_2.jpg,,
GUADUA BRIDGE,2,"https://res.cloudinary.com/maaji/image/upload/v1529601506/Spring2018/2041SAC05_2041SBC05_green_1.jpg
",https://res.cloudinary.com/maaji/image/upload/v1529601567/Spring2018/2041SAC05_2041SBC05_green_2.jpg,,
TROPIC FOLIAGE,2,https://res.cloudinary.com/maaji/image/upload/v1529601343/Spring2018/2024SBC04_2024SCC04_green_1.jpg,https://res.cloudinary.com/maaji/image/upload/v1529601393/Spring2018/2024SBC04_2024SCC04_green_2.jpg,,
MAGNOLIA JARDIN,4,https://res.cloudinary.com/maaji/image/upload/v1529604778/Spring2018/2165SBC01_2165SCC01_green_1.jpg,https://res.cloudinary.com/maaji/image/upload/v1529604778/Spring2018/2165SBC01_2165SCC01_green_2.jpg,https://res.cloudinary.com/maaji/image/upload/v1529604779/Spring2018/2165SBC01_2165SCC01_green_5.jpg,https://res.cloudinary.com/maaji/image/upload/v1529604780/Spring2018/2165SBC01_2165SCC01_green_6.jpg
CARIBBEAN CURUBA,2,https://res.cloudinary.com/maaji/image/upload/v1529704457/Spring2018/1930SAC02_1930SBC02_multicolor_1.jpg,https://res.cloudinary.com/maaji/image/upload/v1529704458/Spring2018/1930SAC02_1930SBC02_multicolor_2.jpg,,
COLOMBIAN PARADISE,2,https://res.cloudinary.com/maaji/image/upload/v1529704552/Spring2018/2041SBC02_2041SDC02_purple_1.jpg,https://res.cloudinary.com/maaji/image/upload/v1529704552/Spring2018/2041SBC02_2041SDC02_purple_2.jpg,,
AUGUST FLOWER,2,"https://res.cloudinary.com/maaji/image/upload/v1529704617/Spring2018/2041SAC03_2041SBC03_multicolor_1.jpg
",https://res.cloudinary.com/maaji/image/upload/v1529704618/Spring2018/2041SAC03_2041SBC03_multicolor_2.jpg,,
PRETTY CITY,2,https://res.cloudinary.com/maaji/image/upload/v1529706054/Spring2018/2043SBC02_2043SCC02_multicolor_1.jpg,https://res.cloudinary.com/maaji/image/upload/v1529706055/Spring2018/2043SBC02_2043SCC02_multicolor_2.jpg,,
PACIFIC SURFER,2,https://res.cloudinary.com/maaji/image/upload/v1529706115/Spring2018/2062SBC04_2062SCC04_muticolor_1.jpg,https://res.cloudinary.com/maaji/image/upload/v1529706116/Spring2018/2062SBC04_2062SCC04_muticolor_2.jpg,,
MALPELO SUNSET,2,https://res.cloudinary.com/maaji/image/upload/v1529706165/Spring2018/2116SBC02_2116SDC02_pink_1.jpg,https://res.cloudinary.com/maaji/image/upload/v1529706166/Spring2018/2116SBC02_2116SDC02_pink_2.jpg,,
SANTA CATALINA,2,https://res.cloudinary.com/maaji/image/upload/v1529694259/Spring2018/2159SOH01_2159SOR01_purple_3.jpg,https://res.cloudinary.com/maaji/image/upload/v1529694260/Spring2018/2159SOH01_2159SOR01_purple_4.jpg,,
TAYRONA PARK,2,https://res.cloudinary.com/maaji/image/upload/v1529601641/Spring2018/2043SBC03_2043SCC03_green_1.jpg,https://res.cloudinary.com/maaji/image/upload/v1529601682/Spring2018/2043SBC03_2043SCC03_green_2.jpg,,
BLOSSOM COQUETTE,2,https://res.cloudinary.com/maaji/image/upload/v1529604361/Spring2018/2062SBC06_2062SDC06_green_1.jpg,https://res.cloudinary.com/maaji/image/upload/v1529604407/Spring2018/2062SBC06_2062SDC06_green_2.jpg,,
WAYUU DANCE,2,https://res.cloudinary.com/maaji/image/upload/v1529604607/Spring2018/2116SBC03_2116SDC03_green_1.jpg,https://res.cloudinary.com/maaji/image/upload/v1529604608/Spring2018/2116SBC03_2116SDC03_green_2.jpg,,
EVERGLADE SUBLIME,4,https://res.cloudinary.com/maaji/image/upload/v1529604980/Spring2018/3007SAC11_3007SCC11_3007SBC11_3007SDC11_green_1.jpg,https://res.cloudinary.com/maaji/image/upload/v1529604981/Spring2018/3007SAC11_3007SCC11_3007SBC11_3007SDC11_green_2.jpg,https://res.cloudinary.com/maaji/image/upload/v1529604982/Spring2018/3007SAC11_3007SCC11_3007SBC11_3007SDC11_green_5.jpg,https://res.cloudinary.com/maaji/image/upload/v1529604983/Spring2018/3007SAC11_3007SCC11_3007SBC11_3007SDC11_green_6.jpg
LILY PAD FLIRT,4,https://res.cloudinary.com/maaji/image/upload/v1529605074/Spring2018/3039SBC03_3039SCC03_green_1.jpg,https://res.cloudinary.com/maaji/image/upload/v1529605075/Spring2018/3039SBC03_3039SCC03_green_2.jpg,https://res.cloudinary.com/maaji/image/upload/v1529605076/Spring2018/3039SBC03_3039SCC03_green_5.jpg,https://res.cloudinary.com/maaji/image/upload/v1529605077/Spring2018/3039SBC03_3039SCC03_green_6.jpg
CAUCA VALLEY,2,https://res.cloudinary.com/maaji/image/upload/v1529706641/Spring2018/2138SAC01_2138SBC01_orange_1.jpg,https://res.cloudinary.com/maaji/image/upload/v1529706642/Spring2018/2138SAC01_2138SBC01_orange_2.jpg,,
FIG SUBLIME,4,https://res.cloudinary.com/maaji/image/upload/v1529706900/Spring2018/3007SAC08_3007SCC08_3007SBC08_3007SDC08_purple_1.jpg,https://res.cloudinary.com/maaji/image/upload/v1529706901/Spring2018/3007SAC08_3007SCC08_3007SBC08_3007SDC08_purple_2.jpg,https://res.cloudinary.com/maaji/image/upload/v1529706902/Spring2018/3007SAC08_3007SCC08_3007SBC08_3007SDC08_purple_5.jpg,https://res.cloudinary.com/maaji/image/upload/v1529706903/Spring2018/3007SAC08_3007SCC08_3007SBC08_3007SDC08_purple_6.jpg
GOOSEBERRY SUNNY,4,https://res.cloudinary.com/maaji/image/upload/v1529707009/Spring2018/3044SBC02_3044SCC02_orange_1.jpg,https://res.cloudinary.com/maaji/image/upload/v1529707010/Spring2018/3044SBC02_3044SCC02_orange_2.jpg,https://res.cloudinary.com/maaji/image/upload/v1529707011/Spring2018/3044SBC02_3044SCC02_orange_5.jpg,https://res.cloudinary.com/maaji/image/upload/v1529707011/Spring2018/3044SBC02_3044SCC02_orange_6.jpg
FIG ORNATE,4,https://res.cloudinary.com/maaji/image/upload/v1529707083/Spring2018/3052SBC02_3052SDC02_purple_1.jpg,https://res.cloudinary.com/maaji/image/upload/v1529707083/Spring2018/3052SBC02_3052SDC02_purple_2.jpg,https://res.cloudinary.com/maaji/image/upload/v1529707084/Spring2018/3052SBC02_3052SDC02_purple_5.jpg,https://res.cloudinary.com/maaji/image/upload/v1529707085/Spring2018/3052SBC02_3052SDC02_purple_6.jpg
SOUTH PACIFIC,2,"https://res.cloudinary.com/maaji/image/upload/v1529692857/Spring2018/2041SBC06_2041SCC06_purple_1.jpg
",https://res.cloudinary.com/maaji/image/upload/v1529692858/Spring2018/2041SBC06_2041SCC06_purple_2.jpg,,
SIERRA NEVADA,2,https://res.cloudinary.com/maaji/image/upload/v1529693009/Spring2018/2062SBC07_2062SDC07_purple_1.jpg,https://res.cloudinary.com/maaji/image/upload/v1529693010/Spring2018/2062SBC07_2062SDC07_purple_2.jpg,,
PROVIDENCE ISLAND,2,https://res.cloudinary.com/maaji/image/upload/v1529693414/Spring2018/2114SAC02_2114SBC02_purple_1.jpg,https://res.cloudinary.com/maaji/image/upload/v1529693414/Spring2018/2114SAC02_2114SBC02_purple_2.jpg,,
WEST ANDES,2,https://res.cloudinary.com/maaji/image/upload/v1529693538/Spring2018/2144SBC02_2144SCC02_pruple_1.jpg,https://res.cloudinary.com/maaji/image/upload/v1529693538/Spring2018/2144SBC02_2144SCC02_pruple_2.jpg,,
RAINBOW JUNGLE,2,https://res.cloudinary.com/maaji/image/upload/v1529704339/Spring2018/2132SOH01_2132SOR01_multicolor_3.jpg,https://res.cloudinary.com/maaji/image/upload/v1529704340/Spring2018/2132SOH01_2132SOR01_multicolor_4.jpg,,
ROCKY CAY,4,https://res.cloudinary.com/maaji/image/upload/v1529693662/Spring2018/2162SBC01_2162SCC01_purple_1.jpg,https://res.cloudinary.com/maaji/image/upload/v1529693663/Spring2018/2162SBC01_2162SCC01_purple_2.jpg,https://res.cloudinary.com/maaji/image/upload/v1529693661/Spring2018/2162SBC01_2162SCC01_purple_5.jpg,
PURPLE SAGE SUBLIME,4,https://res.cloudinary.com/maaji/image/upload/v1529693888/Spring2018/3007SAC12_3007SCC12_3007SBC12_3007SDC12_purple_1.jpg,https://res.cloudinary.com/maaji/image/upload/v1529693889/Spring2018/3007SAC12_3007SCC12_3007SBC12_3007SDC12_purple_2.jpg,https://res.cloudinary.com/maaji/image/upload/v1529693889/Spring2018/3007SAC12_3007SCC12_3007SBC12_3007SDC12_purple_3.jpg,https://res.cloudinary.com/maaji/image/upload/v1529693890/Spring2018/3007SAC12_3007SCC12_3007SBC12_3007SDC12_purple_4.jpg
CRYSTAL BLUE SUNNY,4,https://res.cloudinary.com/maaji/image/upload/v1529694087/Spring2018/3044SBC04_3044SCC04_pruple_1.jpg,https://res.cloudinary.com/maaji/image/upload/v1529694088/Spring2018/3044SBC04_3044SCC04_pruple_2.jpg,https://res.cloudinary.com/maaji/image/upload/v1529694088/Spring2018/3044SBC04_3044SCC04_pruple_5.jpg,https://res.cloudinary.com/maaji/image/upload/v1529694089/Spring2018/3044SBC04_3044SCC04_pruple_6.jpg
DENIM COLOMBIA,2,https://res.cloudinary.com/maaji/image/upload/v1528389578/Spring2018/2043SBC01_2043SCC01_blue_1.jpg,https://res.cloudinary.com/maaji/image/upload/v1528389579/Spring2018/2043SBC01_2043SCC01_blue_2.jpg,,
RALLY RACERS,2,https://res.cloudinary.com/maaji/image/upload/v1527180458/Summer2018/2043SAC07_2043SBC07_blue_1.jpg,https://res.cloudinary.com/maaji/image/upload/v1527180462/Summer2018/2043SAC07_2043SBC07_blue_2.jpg,,
BOM DIA BEACHES,2,https://res.cloudinary.com/maaji/image/upload/v1533228532/Spring2019/2061SBC06_2061SDC06_red_1.jpg,https://res.cloudinary.com/maaji/image/upload/v1533228533/Spring2019/2061SBC06_2061SDC06_red_2.jpg,,
CAYENNE BARDOT,4,https://res.cloudinary.com/maaji/image/upload/v1532615344/Spring2019/3076SBC01_3076SCC01_red_1.jpg,https://res.cloudinary.com/maaji/image/upload/v1532615345/Spring2019/3076SBC01_3076SCC01_red_2.jpg,https://res.cloudinary.com/maaji/image/upload/v1532615378/Spring2019/3076SBC01_3076SCC01_red_5.jpg,https://res.cloudinary.com/maaji/image/upload/v1532615380/Spring2019/3076SBC01_3076SCC01_red_6.jpg
CAYENNE SUBLIME,4,https://res.cloudinary.com/maaji/image/upload/v1533227855/Spring2019/3007SAC25_3007SBC25_3007SCC25_3007SDC25_red_1.jpg,https://res.cloudinary.com/maaji/image/upload/v1533227856/Spring2019/3007SAC25_3007SBC25_3007SCC25_3007SDC25_red_2.jpg,http://res.cloudinary.com/maaji/image/upload/v1533227857/Spring2019/3007SAC25_3007SBC25_3007SCC25_3007SDC25_red_5.jpg,https://res.cloudinary.com/maaji/image/upload/v1533227858/Spring2019/3007SAC25_3007SBC25_3007SCC25_3007SDC25_red_6.jpg
SANGRIA SUBLIME,4,http://res.cloudinary.com/maaji/image/upload/v1533227561/Spring2019/3007SAC24_3007SBC24_3007SCC24_3007SDC24_red_1.jpg,https://res.cloudinary.com/maaji/image/upload/v1533227562/Spring2019/3007SAC24_3007SBC24_3007SCC24_3007SDC24_red_2.jpg,https://res.cloudinary.com/maaji/image/upload/v1533227563/Spring2019/3007SAC24_3007SBC24_3007SCC24_3007SDC24_red_5.jpg,https://res.cloudinary.com/maaji/image/upload/v1533227564/Spring2019/3007SAC24_3007SBC24_3007SCC24_3007SDC24_red_6.jpg
SUNSHINE CARNIVAL,2,https://res.cloudinary.com/maaji/image/upload/v1533235839/Spring2019/2200SBC01_2200SDC01_red_1.jpg,https://res.cloudinary.com/maaji/image/upload/v1533235840/Spring2019/2200SBC01_2200SDC01_red_2.jpg,,
CARIOCA VALLEY,2,"https://res.cloudinary.com/maaji/image/upload/v1533236029/Spring2019/2203SAC01_2203SBC01_red_1.jpg
",https://res.cloudinary.com/maaji/image/upload/v1533236030/Spring2019/2203SAC01_2203SBC01_red_2.jpg,,
CURUBA SAMBA,2,"https://res.cloudinary.com/maaji/image/upload/v1532614861/Spring2019/2201SAC01_2201SBC01_red_1.jpg
",https://res.cloudinary.com/maaji/image/upload/v1533235918/Spring2019/2201SAC01_2201SBC01_red_2.jpg,,
JUNINA FEST,2,https://res.cloudinary.com/maaji/image/upload/v1533239915/Spring2019/2110SBC07_2110SCC07_red_1.jpg,https://res.cloudinary.com/maaji/image/upload/v1533239916/Spring2019/2110SBC07_2110SCC07_red_2.jpg,,
LINDA LINDISSIMA,2,https://res.cloudinary.com/maaji/image/upload/v1533235975/Spring2019/2061SBC09_2061SCC09_red_1.jpg,https://res.cloudinary.com/maaji/image/upload/v1533235976/Spring2019/2061SBC09_2061SCC09_red_2.jpg,,
SANGRIA SUZY Q,4,http://res.cloudinary.com/maaji/image/upload/v1533227635/Spring2019/3075SCC01_red_1.jpg,https://res.cloudinary.com/maaji/image/upload/v1533227635/Spring2019/3075SCC01_red_2.jpg,https://res.cloudinary.com/maaji/image/upload/v1533227636/Spring2019/3075SCC01_red_5.jpg,https://res.cloudinary.com/maaji/image/upload/v1533227637/Spring2019/3075SCC01_red_6.jpg
STRIPES AND STRAPS,2,https://res.cloudinary.com/maaji/image/upload/v1533229098/Spring2019/2062SBC14_2062SDC14_red_1.jpg,http://res.cloudinary.com/maaji/image/upload/v1533229099/Spring2019/2062SBC14_2062SDC14_red_2.jpg,,
KITE CAIPIRINHA,2,https://res.cloudinary.com/maaji/image/upload/v1533236137/Spring2019/2111SOB02_2111SOC02_red_3.jpg,https://res.cloudinary.com/maaji/image/upload/v1533236138/Spring2019/2111SOB02_2111SOC02_red_4.jpg,,
PRAIA ARCO IRIS,2,https://res.cloudinary.com/maaji/image/upload/v1533236206/Spring2019/2211SOR01_red_3.jpg,http://res.cloudinary.com/maaji/image/upload/v1533236207/Spring2019/2211SOR01_red_4.jpg,,
CAYENNE HEAVENLY,4,https://res.cloudinary.com/maaji/image/upload/v1533236247/Spring2019/3050SOR02_3050SOH02_red_3.jpg,https://res.cloudinary.com/maaji/image/upload/v1533236248/Spring2019/3050SOR02_3050SOH02_red_4.jpg,https://res.cloudinary.com/maaji/image/upload/v1533236249/Spring2019/3050SOR02_3050SOH02_red_5.jpg,https://res.cloudinary.com/maaji/image/upload/v1533236250/Spring2019/3050SOR02_3050SOH02_red_6.jpg
MARACUJA SHERBET,2,https://res.cloudinary.com/maaji/image/upload/v1532736553/Spring2019/2205SOH01_yellow_1.jpg,https://res.cloudinary.com/maaji/image/upload/v1532736554/Spring2019/2205SOH01_yellow_2.jpg,,
SUN BASS SAMBA,2,https://res.cloudinary.com/maaji/image/upload/v1533251875/Spring2019/2024SAC07_2024SBC07_yellow_1.jpg,https://res.cloudinary.com/maaji/image/upload/v1533251876/Spring2019/2024SAC07_2024SBC07_yellow_2.jpg,,
CURUBA AZUL,2,https://res.cloudinary.com/maaji/image/upload/v1533252903/Spring2019/2043SBC11_2043ACC11_purple_1.jpg,https://res.cloudinary.com/maaji/image/upload/v1533252903/Spring2019/2043SBC11_2043ACC11_purple_2.jpg,,
COCONUT QUIMDIM,2,https://res.cloudinary.com/maaji/image/upload/v1533251941/Spring2019/2061SBC07_2061SDC07_yellow_1.jpg,https://res.cloudinary.com/maaji/image/upload/v1533251941/Spring2019/2061SBC07_2061SDC07_yellow_2.jpg,,
JAZZ BAND,2,https://res.cloudinary.com/maaji/image/upload/v1532741805/Spring2019/2061SBC08_2061SCC08_pruple_1.jpg,https://res.cloudinary.com/maaji/image/upload/v1532741806/Spring2019/2061SBC08_2061SCC08_pruple_2.jpg,,
SWEET BANANA,2,"https://res.cloudinary.com/maaji/image/upload/v1533252064/Spring2019/2062SBC15_2062SDC15_purple_1.jpg
",https://res.cloudinary.com/maaji/image/upload/v1533252065/Spring2019/2062SBC15_2062SDC15_purple_2.jpg,,
RUA JARDIM,2,https://res.cloudinary.com/maaji/image/upload/v1533252283/Spring2019/2209SAC01_2209SBC01_purple_1.jpg,https://res.cloudinary.com/maaji/image/upload/v1533252284/Spring2019/2209SAC01_2209SBC01_purple_2.jpg,,
GUARANA DIVINEST,2,https://res.cloudinary.com/maaji/image/upload/v1533252369/Spring2019/2216SBC01_2216SCC01_purple_1.jpg,https://res.cloudinary.com/maaji/image/upload/v1533252370/Spring2019/2216SBC01_2216SCC01_purple_2.jpg,,
BLUE DEPTH SUBLIME,4,https://res.cloudinary.com/maaji/image/upload/v1533251589/Spring2019/3007SAC26_3007SBC26_3007SCC26_3007SDC26_purple_1.jpg,https://res.cloudinary.com/maaji/image/upload/v1533251590/Spring2019/3007SAC26_3007SBC26_3007SCC26_3007SDC26_purple_2.jpg,https://res.cloudinary.com/maaji/image/upload/v1533251591/Spring2019/3007SAC26_3007SBC26_3007SCC26_3007SDC26_purple_5.jpg,https://res.cloudinary.com/maaji/image/upload/v1533251593/Spring2019/3007SAC26_3007SBC26_3007SCC26_3007SDC26_purple_6.jpg
FARRAH S SUBLIME,4,https://res.cloudinary.com/maaji/image/upload/v1533251803/Spring2019/3007SAC27_3007SBC27_3007SCC27_3007SDC27_yellow_1.jpg,https://res.cloudinary.com/maaji/image/upload/v1533251803/Spring2019/3007SAC27_3007SBC27_3007SCC27_3007SDC27_yellow_2.jpg,https://res.cloudinary.com/maaji/image/upload/v1533251804/Spring2019/3007SAC27_3007SBC27_3007SCC27_3007SDC27_yellow_5.jpg,
BLUE DEPTH CASCADE,4,https://res.cloudinary.com/maaji/image/upload/v1533251504/Spring2019/3008SCC03_purple_1.jpg,https://res.cloudinary.com/maaji/image/upload/v1533251505/Spring2019/3008SCC03_purple_2.jpg,https://res.cloudinary.com/maaji/image/upload/v1533251506/Spring2019/3008SCC03_purple_5.jpg,https://res.cloudinary.com/maaji/image/upload/v1533251507/Spring2019/3008SCC03_purple_6.jpg
FARRAH S SPLIT,4,https://res.cloudinary.com/maaji/image/upload/v1533251650/Spring2019/3079SBC01_3079SDC01_yellow_1.jpg,https://res.cloudinary.com/maaji/image/upload/v1533251651/Spring2019/3079SBC01_3079SDC01_yellow_2.jpg,https://res.cloudinary.com/maaji/image/upload/v1533251652/Spring2019/3079SBC01_3079SDC01_yellow_5.jpg,https://res.cloudinary.com/maaji/image/upload/v1533251653/Spring2019/3079SBC01_3079SDC01_yellow_6.jpg
METEORITE SUZY Q,4,https://res.cloudinary.com/maaji/image/upload/v1536616039/Spring2019/3075SCC02_black_1.jpg,https://res.cloudinary.com/maaji/image/upload/v1536616040/Spring2019/3075SCC02_black_2.jpg,https://res.cloudinary.com/maaji/image/upload/v1536616041/Spring2019/3075SCC02_black_3.jpg,https://res.cloudinary.com/maaji/image/upload/v1536616042/Spring2019/3075SCC02_black_4.jpg
METEORITE ONE N DONE,4,https://res.cloudinary.com/maaji/image/upload/v1536678674/Spring2019/3081SOH01_black_1.jpg,https://res.cloudinary.com/maaji/image/upload/v1536678675/Spring2019/3081SOH01_black_2.jpg,https://res.cloudinary.com/maaji/image/upload/v1536678676/Spring2019/3081SOH01_black_3.jpg,https://res.cloudinary.com/maaji/image/upload/v1536678676/Spring2019/3081SOH01_black_4.jpg
BEACH PLUMB SUBLIME,4,https://res.cloudinary.com/maaji/image/upload/v1536616172/Spring2019/3007SAC29_3007SBC29_3007SCC29_3007SDC29_purple_1.jpg,https://res.cloudinary.com/maaji/image/upload/v1536616173/Spring2019/3007SAC29_3007SBC29_3007SCC29_3007SDC29_purple_2.jpg,https://res.cloudinary.com/maaji/image/upload/v1536616173/Spring2019/3007SAC29_3007SBC29_3007SCC29_3007SDC29_purple_3.jpg,https://res.cloudinary.com/maaji/image/upload/v1536616174/Spring2019/3007SAC29_3007SBC29_3007SCC29_3007SDC29_purple_4.jpg
BEACH PLUMB FLIRT,4,https://res.cloudinary.com/maaji/image/upload/v1536616237/Spring2019/3039SBC07_3039SCC07_3039SDC07_purple_1.jpg,https://res.cloudinary.com/maaji/image/upload/v1536616237/Spring2019/3039SBC07_3039SCC07_3039SDC07_purple_2.jpg,https://res.cloudinary.com/maaji/image/upload/v1536616238/Spring2019/3039SBC07_3039SCC07_3039SDC07_purple_3.jpg,https://res.cloudinary.com/maaji/image/upload/v1536616239/Spring2019/3039SBC07_3039SCC07_3039SDC07_purple_4.jpg
MIDNIGHT CARNIVAL,2,https://res.cloudinary.com/maaji/image/upload/v1536616379/Spring2019/2200SBC02_2200SDC02_black_1.jpg,https://res.cloudinary.com/maaji/image/upload/v1536616380/Spring2019/2200SBC02_2200SDC02_black_2.jpg,,
NITEROI NITE,2,https://res.cloudinary.com/maaji/image/upload/v1536674295/Spring2019/2024SBC10_2024SCC10_black_1.jpg,https://res.cloudinary.com/maaji/image/upload/v1536674296/Spring2019/2024SBC10_2024SCC10_black_2.jpg,,
HIDDEN VALLEY,2,https://res.cloudinary.com/maaji/image/upload/v1536674732/Spring2019/2110SAC05_2110SBC05_multicolor_1.jpg,https://res.cloudinary.com/maaji/image/upload/v1536674733/Spring2019/2110SAC05_2110SBC05_multicolor_2.jpg,,
FORTALEZA VICTORY,2,https://res.cloudinary.com/maaji/image/upload/v1536674829/Spring2019/2219SBC01_2219SCC01_black_1.jpg,https://res.cloudinary.com/maaji/image/upload/v1536674830/Spring2019/2219SBC01_2219SCC01_black_2.jpg,,
BRAZILIAN GOSPEL,2,https://res.cloudinary.com/maaji/image/upload/v1536674927/Spring2019/2061SBC10_2061SDC10_multicolor_1.jpg,https://res.cloudinary.com/maaji/image/upload/v1536674928/Spring2019/2061SBC10_2061SDC10_multicolor_2.jpg,,
BAHIA BAHIA,2,https://res.cloudinary.com/maaji/image/upload/v1536675165/Spring2019/2043SAC14_2043SBC14_black_1.jpg,https://res.cloudinary.com/maaji/image/upload/v1536675167/Spring2019/2043SAC14_2043SBC14_black_2.jpg,,
GIMME BRIGADEIROS,2,https://res.cloudinary.com/maaji/image/upload/v1536675223/Spring2019/2237SBC01_2237SCC02_multicolor_1.jpg,https://res.cloudinary.com/maaji/image/upload/v1536675223/Spring2019/2237SBC01_2237SCC02_multicolor_2.jpg,,
CHROMATIC RAINBOW,2,https://res.cloudinary.com/maaji/image/upload/v1536678782/Spring2019/2132SOR02_2132SOH02_purple_1.jpg,https://res.cloudinary.com/maaji/image/upload/v1536678782/Spring2019/2132SOR02_2132SOH02_purple_2.jpg,,
PRETTY PRETO,2,https://res.cloudinary.com/maaji/image/upload/v1536678874/Spring2019/2221SOB01_2221SOC01_black_1.jpg,https://res.cloudinary.com/maaji/image/upload/v1536678874/Spring2019/2221SOB01_2221SOC01_black_2.jpg,,
NEW METEORITE SUBLIME,2,https://res.cloudinary.com/maaji/image/upload/v1536615902/Spring2019/3007SAC28_3007SBC28_3007SCC28_3007SDC28_black_1.jpg,https://res.cloudinary.com/maaji/image/upload/v1536615903/Spring2019/3007SAC28_3007SBC28_3007SCC28_3007SDC28_black_2.jpg,,
BLUEBELL AQUARIOUS,2,https://res.cloudinary.com/maaji/image/upload/v1537825794/Rapsodia/2247SBC500_2247SDC500_blue_1.jpg,https://res.cloudinary.com/maaji/image/upload/v1537825794/Rapsodia/2247SBC500_2247SDC500_blue_2.jpg,,
IRIS CASSIOPEIA,2,https://res.cloudinary.com/maaji/image/upload/v1537825580/Rapsodia/2061SCC502_multicolor_1.jpg,https://res.cloudinary.com/maaji/image/upload/v1537825580/Rapsodia/2061SCC502_multicolor_2.jpg,,
ORCHID LYRA,2,https://res.cloudinary.com/maaji/image/upload/v1537825749/Rapsodia/2228SBC500_purple_1.jpg,https://res.cloudinary.com/maaji/image/upload/v1537825750/Rapsodia/2228SBC500_purple_2.jpg,,
ORION ROSEMARY,2,https://res.cloudinary.com/maaji/image/upload/v1537825681/Rapsodia/2062SCC502_multicolor_1.jpg,https://res.cloudinary.com/maaji/image/upload/v1537825681/Rapsodia/2062SCC502_multicolor_2.jpg,,
BOREALIS GLOOM,2,"https://res.cloudinary.com/maaji/image/upload/v1537825839/Rapsodia/2263SBC500_2263SDC500_black_1.jpg
",https://res.cloudinary.com/maaji/image/upload/v1538161285/Rapsodia/2263SBC500_2263SDC500_black_2.jpg,,
SAGITTARIUS GLOOM,2,https://res.cloudinary.com/maaji/image/upload/v1537825928/Rapsodia/3096SCC500_black_1.jpg,https://res.cloudinary.com/maaji/image/upload/v1537825929/Rapsodia/3096SCC500_black_2.jpg,,
ANDROMEDA GLOOM,2,https://res.cloudinary.com/maaji/image/upload/v1537825886/Rapsodia/3039SBC500_3039SCC500_black_1.jpg,https://res.cloudinary.com/maaji/image/upload/v1537825886/Rapsodia/3039SBC500_3039SCC500_black_2.jpg,,
HIBISCUS PHONEIX,2,https://res.cloudinary.com/maaji/image/upload/v1537907972/Rapsodia/2261SOR500_2261SOH500_purple_1.jpg,https://res.cloudinary.com/maaji/image/upload/v1537907973/Rapsodia/2261SOR500_2261SOH500_purple_2.jpg,,
PEGASUS GLOOM,3,https://res.cloudinary.com/maaji/image/upload/v1537908055/Rapsodia/3097SOR500_black_1.jpg,https://res.cloudinary.com/maaji/image/upload/v1537908055/Rapsodia/3097SOR500_black_2.jpg,https://res.cloudinary.com/maaji/image/upload/v1537908056/Rapsodia/3097SOR500_black_3.jpg,
LOVE AFFAIR,2,https://res.cloudinary.com/maaji/image/upload/v1539725288/Spring2019/2110SBC06_2110SDC06_purple_1.jpg,https://res.cloudinary.com/maaji/image/upload/v1539725289/Spring2019/2110SBC06_2110SDC06_purple_2.jpg,,
BOSSA NOVA BOSS,2,https://res.cloudinary.com/maaji/image/upload/v1539819156/Spring2019/2223SOR01_2223SOH01_brown_1.jpg,https://res.cloudinary.com/maaji/image/upload/v1539819157/Spring2019/2223SOR01_2223SOH01_brown_2.jpg,,
MAIS QUE NADA,2,https://res.cloudinary.com/maaji/image/upload/v1539725363/Spring2019/2043SBC12_2043SCC12_purple_1.jpg,https://res.cloudinary.com/maaji/image/upload/v1539725364/Spring2019/2043SBC12_2043SCC12_purple_2.jpg,,
FRIENDLY CASHEW,2,https://res.cloudinary.com/maaji/image/upload/v1539725426/Spring2019/2043SAC13_2043SBC13_purple_1.jpg,https://res.cloudinary.com/maaji/image/upload/v1539725427/Spring2019/2043SAC13_2043SBC13_purple_2.jpg,,
ALUA COCKTAIL,2,https://res.cloudinary.com/maaji/image/upload/v1539725501/Spring2019/2209SBC02_2209SDC02_purple_1.jpg,https://res.cloudinary.com/maaji/image/upload/v1539725501/Spring2019/2209SBC02_2209SDC02_purple_2.jpg,,
GO COPACABANA,2,https://res.cloudinary.com/maaji/image/upload/v1539725612/Spring2019/2226SAC01_2226SBC01_purple_1.jpg,https://res.cloudinary.com/maaji/image/upload/v1539725612/Spring2019/2226SAC01_2226SBC01_purple_2.jpg,,
ACAI SMOOTHIE,2,https://res.cloudinary.com/maaji/image/upload/v1539725702/Spring2019/2228SBC01_2228SCC01_purple_1.jpg,https://res.cloudinary.com/maaji/image/upload/v1539725703/Spring2019/2228SBC01_2228SCC01_purple_2.jpg,,
FIGS AND FIGOS,2,https://res.cloudinary.com/maaji/image/upload/v1539819328/Spring2019/2230SOB01_2230SOC01_brown_1.jpg,https://res.cloudinary.com/maaji/image/upload/v1539819328/Spring2019/2230SOB01_2230SOC01_brown_2.jpg,,
CURRANT DIVINEST,2,https://res.cloudinary.com/maaji/image/upload/v1539725753/Spring2019/2216SBC02_2216SCC02_purple_1.jpg,https://res.cloudinary.com/maaji/image/upload/v1539725754/Spring2019/2216SBC02_2216SCC02_purple_2.jpg,,
BLACKBERRY VELVET SUBLIME,4,https://res.cloudinary.com/maaji/image/upload/v1539724581/Spring2019/3007SAC30_3007SBC30_3007SCC30_3007SDC30_purple_1.jpg,https://res.cloudinary.com/maaji/image/upload/v1539724582/Spring2019/3007SAC30_3007SBC30_3007SCC30_3007SDC30_purple_2.jpg,https://res.cloudinary.com/maaji/image/upload/v1539724583/Spring2019/3007SAC30_3007SBC30_3007SCC30_3007SDC30_purple_3.jpg,https://res.cloudinary.com/maaji/image/upload/v1539724583/Spring2019/3007SAC30_3007SBC30_3007SCC30_3007SDC30_purple_4.jpg
BLACKBERRY VELVET BARDOT,4,https://res.cloudinary.com/maaji/image/upload/v1539725075/Spring2019/3076SBC02_3076SCC02_purple_1.jpg,https://res.cloudinary.com/maaji/image/upload/v1539725076/Spring2019/3076SBC02_3076SCC02_purple_2.jpg,https://res.cloudinary.com/maaji/image/upload/v1539725076/Spring2019/3076SBC02_3076SCC02_purple_3.jpg,https://res.cloudinary.com/maaji/image/upload/v1539725077/Spring2019/3076SBC02_3076SCC02_purple_4.jpg
WOODROSE WHISPER,4,https://res.cloudinary.com/maaji/image/upload/v1539725155/Spring2019/3083SAC01_3083SBC01_3083SCC01_3083SDC01_pink_1.jpg,https://res.cloudinary.com/maaji/image/upload/v1539725156/Spring2019/3083SAC01_3083SBC01_3083SCC01_3083SDC01_pink_2.jpg,https://res.cloudinary.com/maaji/image/upload/v1539725156/Spring2019/3083SAC01_3083SBC01_3083SCC01_3083SDC01_pink_3.jpg,https://res.cloudinary.com/maaji/image/upload/v1539725157/Spring2019/3083SAC01_3083SBC01_3083SCC01_3083SDC01_pink_4.jpg
WOODROSE FLIRT,4,https://res.cloudinary.com/maaji/image/upload/v1539725233/Spring2019/3039SBC08_3039SDC08_pink_1.jpg,https://res.cloudinary.com/maaji/image/upload/v1539725233/Spring2019/3039SBC08_3039SDC08_pink_2.jpg,https://res.cloudinary.com/maaji/image/upload/v1539725233/Spring2019/3039SBC08_3039SDC08_pink_2.jpg,https://res.cloudinary.com/maaji/image/upload/v1539725235/Spring2019/3039SBC08_3039SDC08_pink_4.jpg
BUENAVENTURA NIGHTS,2,https://res.cloudinary.com/maaji/image/upload/v1542505792/Summer2018/1943SAC02_1943SBC02_blue_1.jpg,https://res.cloudinary.com/maaji/image/upload/v1542505793/Summer2018/1943SAC02_1943SBC02_blue_2.jpg,,
CHOCO TOUCAN,2,https://res.cloudinary.com/maaji/image/upload/v1542506219/Summer2018/2024SBC02_2024SCC02_purple_1.jpg,https://res.cloudinary.com/maaji/image/upload/v1542506220/Summer2018/2024SBC02_2024SCC02_purple_2.jpg,,
ACANDI WAVES,2,https://res.cloudinary.com/maaji/image/upload/v1542506498/Summer2018/2041SBC04_2041SCC04_blue_1.jpg,https://res.cloudinary.com/maaji/image/upload/v1542506499/Summer2018/2041SBC04_2041SCC04_blue_2.jpg,,
HOT SPRINGS,2,https://res.cloudinary.com/maaji/image/upload/v1542506634/Summer2018/2047SAC03_2047SBC03_purple_1.jpg,https://res.cloudinary.com/maaji/image/upload/v1542506634/Summer2018/2047SAC03_2047SBC03_purple_1.jpg,,
HOMEMADE HEAVEN,2,https://res.cloudinary.com/maaji/image/upload/v1542506971/Summer2018/2062SBC05_multicolor_1.jpg,https://res.cloudinary.com/maaji/image/upload/v1542506972/Summer2018/2062SBC05_multicolor_2.jpg,,
GORGONA SPELL,2,https://res.cloudinary.com/maaji/image/upload/v1542507064/Summer2018/2062SBC08_2062SDC08_purple_1.jpg,https://res.cloudinary.com/maaji/image/upload/v1542507065/Summer2018/2062SBC08_2062SDC08_purple_2.jpg,,
SULA SULA,2,https://res.cloudinary.com/maaji/image/upload/v1542507219/Summer2018/2110SBC02_2110SCC02_blue_1.jpg,https://res.cloudinary.com/maaji/image/upload/v1542507219/Summer2018/2110SBC02_2110SCC02_blue_2.jpg,,
TERQUITO BEACH,4,https://res.cloudinary.com/maaji/image/upload/v1542507476/Summer2018/2140SOH01_2140SOR01_blue_1.jpg,https://res.cloudinary.com/maaji/image/upload/v1542507477/Summer2018/2140SOH01_2140SOR01_blue_2.jpg,https://res.cloudinary.com/maaji/image/upload/v1542507478/Summer2018/2140SOH01_2140SOR01_blue_3.jpg,https://res.cloudinary.com/maaji/image/upload/v1542507478/Summer2018/2140SOH01_2140SOR01_blue_4.jpg
CHOCO CHOCOLATE,,"
https://res.cloudinary.com/maaji/image/upload/v1542507770/Summer2018/2144SBC01_2144SCC01_multicolor_1.jpg



check
:
0
}


https://res.cloudinary.com/maaji/image/upload/v1542507771/Summer2018/2144SBC01_2144SCC01_multicolor_2.jpg
",,,
GOOSEBERRY SUBLIME,,"
https://res.cloudinary.com/maaji/image/upload/v1542508532/Summer2018/3007SAC07_3007SBC07_3007SCC07_3007SDC07_pink_1.jpg



check
:
0
}


https://res.cloudinary.com/maaji/image/upload/v1542508532/Summer2018/3007SAC07_3007SBC07_3007SCC07_3007SDC07_pink_2.jpg



check
:
0
}


https://res.cloudinary.com/maaji/image/upload/v1542508533/Summer2018/3007SAC07_3007SBC07_3007SCC07_3007SDC07_pink_3.jpg



check
:
0
}


https://res.cloudinary.com/maaji/image/upload/v1542508534/Summer2018/3007SAC07_3007SBC07_3007SCC07_3007SDC07_pink_4.jpg
",,,
MOONLESS NIGHT SUBLIME,3,https://res.cloudinary.com/maaji/image/upload/v1542507902/Summer2018/3007SAC10_3007SBC10_3007SCC10_3007SDC10_black_1.jpg,https://res.cloudinary.com/maaji/image/upload/v1542507902/Summer2018/3007SAC10_3007SBC10_3007SCC10_3007SDC10_black_2.jpg,https://res.cloudinary.com/maaji/image/upload/v1542507903/Summer2018/3007SAC10_3007SBC10_3007SCC10_3007SDC10_black_3.jpg,
MOONLESS NIGHT SUNNY,4,https://res.cloudinary.com/maaji/image/upload/v1542507951/Summer2018/3044SBC03_3044SCC03_black_1.jpg,https://res.cloudinary.com/maaji/image/upload/v1542507952/Summer2018/3044SBC03_3044SCC03_black_2.jpg,https://res.cloudinary.com/maaji/image/upload/v1542507953/Summer2018/3044SBC03_3044SCC03_black_3.jpg,https://res.cloudinary.com/maaji/image/upload/v1542507953/Summer2018/3044SBC03_3044SCC03_black_4.jpg
AZALEA GIANT STAR,2,https://res.cloudinary.com/maaji/image/upload/v1543102284/Rapsodia/2061SBC505_red_1.jpg,https://res.cloudinary.com/maaji/image/upload/v1543102284/Rapsodia/2061SBC505_red_2.jpg,,
DAHLIA SUNLIT,2,https://res.cloudinary.com/maaji/image/upload/v1543102353/Rapsodia/2130SCC504_red_1.jpg,https://res.cloudinary.com/maaji/image/upload/v1543102353/Rapsodia/2130SCC504_red_2.jpg,,
MARIGOLD VELA,2,https://res.cloudinary.com/maaji/image/upload/v1543102420/Rapsodia/2247SBC502_brown_1.jpg,https://res.cloudinary.com/maaji/image/upload/v1543102421/Rapsodia/2247SBC502_brown_2.jpg,,
CARMINE ROSES,2,https://res.cloudinary.com/maaji/image/upload/v1543102769/Rapsodia/2286SBC500_red_1.jpg,https://res.cloudinary.com/maaji/image/upload/v1543102473/Rapsodia/2286SBC500_red_2.jpg,,
BIAZING LOVE SIENNA,2,https://res.cloudinary.com/maaji/image/upload/v1543102476/Rapsodia/2288SBC500_red_1.jpg,https://res.cloudinary.com/maaji/image/upload/v1543102552/Rapsodia/2288SBC500_red_2.jpg,,
SUNBEAM SIENNA,2,https://res.cloudinary.com/maaji/image/upload/v1543102662/Rapsodia/3039SBC501_brown_1.jpg,https://res.cloudinary.com/maaji/image/upload/v1543102663/Rapsodia/3039SBC501_brown_2.jpg,,
PRIMROSE SIENNA,2,https://res.cloudinary.com/maaji/image/upload/v1543102599/Rapsodia/3007SBC508_brown_1.jpg,https://res.cloudinary.com/maaji/image/upload/v1543102599/Rapsodia/3007SBC508_brown_2.jpg,,
FUNKY CARIOCA,2,https://res.cloudinary.com/maaji/image/upload/v1542894427/Spring2019/2116SBC05_2116SDC05_BLUE_1.jpg,https://res.cloudinary.com/maaji/image/upload/v1542894427/Spring2019/2116SBC05_2116SDC05_BLUE_2.jpg,,
JEN-CHEE LINDA,2,https://res.cloudinary.com/maaji/image/upload/v1542894507/Spring2019/2024SAC11_2024SBC11_BLUE_1.jpg,https://res.cloudinary.com/maaji/image/upload/v1542894510/Spring2019/2024SAC11_2024SBC11_BLUE_2.jpg,,
CIELO BRANCO,2,https://res.cloudinary.com/maaji/image/upload/v1542894581/Spring2019/2240SBC01_2240SCC01_WHITE_1.jpg,https://res.cloudinary.com/maaji/image/upload/v1542894582/Spring2019/2240SBC01_2240SCC01_WHITE_2.jpg,,
PRAIA DU FORTE,2,https://res.cloudinary.com/maaji/image/upload/v1542894634/Spring2019/2242SBC01_2242SCC01_BLUE_1.jpg,https://res.cloudinary.com/maaji/image/upload/v1542894637/Spring2019/2242SBC01_2242SCC01_BLUE_2.jpg,,
ATLANTIC AVENUE,2,https://res.cloudinary.com/maaji/image/upload/v1542894691/Spring2019/2243SBC01_2243SCC01_BLUE_1.jpg,https://res.cloudinary.com/maaji/image/upload/v1542894692/Spring2019/2243SBC01_2243SCC01_BLUE_2.jpg,,
JERI ALLURE,2,https://res.cloudinary.com/maaji/image/upload/v1542894734/Spring2019/2024SAC12_2024SBC12_BLUE_1.jpg,https://res.cloudinary.com/maaji/image/upload/v1542894735/Spring2019/2024SAC12_2024SBC12_BLUE_2.jpg,,
CURUBA SURFER,2,https://res.cloudinary.com/maaji/image/upload/v1542895041/Spring2019/2061SBC12_2061SCC12_BLUE_1.jpg,https://res.cloudinary.com/maaji/image/upload/v1542895041/Spring2019/2061SBC12_2061SCC12_BLUE_2.jpg,,
OLIVEIRA FRILLS,2,https://res.cloudinary.com/maaji/image/upload/v1542895401/Spring2019/2110SBC08_2110SCC08_BLUE_1.jpg,https://res.cloudinary.com/maaji/image/upload/v1542895404/Spring2019/2110SBC08_2110SCC08_BLUE_2.jpg,,
WEDGEWOOD SPLIT,4,https://res.cloudinary.com/maaji/image/upload/v1542894174/Spring2019/3079SBC03_3079SDC03_BLUE_1.jpg,https://res.cloudinary.com/maaji/image/upload/v1542894180/Spring2019/3079SBC03_3079SDC03_BLUE_2.jpg,https://res.cloudinary.com/maaji/image/upload/v1542894182/Spring2019/3079SBC03_3079SDC03_BLUE_3.jpg,https://res.cloudinary.com/maaji/image/upload/v1542894182/Spring2019/3079SBC03_3079SDC03_BLUE_4.jpg
WEDGEWOOD SUBLIME,4,https://res.cloudinary.com/maaji/image/upload/v1542894023/Spring2019/3007SAC33_3007SBC33_3007SCC33_3007SDC33_BLUE_1.jpg,https://res.cloudinary.com/maaji/image/upload/v1542894088/Spring2019/3007SAC33_3007SBC33_3007SCC33_3007SDC33_BLUE_2.jpg,https://res.cloudinary.com/maaji/image/upload/v1542894089/Spring2019/3007SAC33_3007SBC33_3007SCC33_3007SDC33_BLUE_3.jpg,https://res.cloudinary.com/maaji/image/upload/v1542894092/Spring2019/3007SAC33_3007SBC33_3007SCC33_3007SDC33_BLUE_4.jpg
WHISPER WHITE CASCADE,4,https://res.cloudinary.com/maaji/image/upload/v1542894335/Spring2019/3008SCC04_WHITE_1.jpg,https://res.cloudinary.com/maaji/image/upload/v1542894336/Spring2019/3008SCC04_WHITE_2.jpg,https://res.cloudinary.com/maaji/image/upload/v1542894337/Spring2019/3008SCC04_WHITE_3.jpg,https://res.cloudinary.com/maaji/image/upload/v1542894337/Spring2019/3008SCC04_WHITE_4.jpg
WHISPER WHITE SUBLIME,4,https://res.cloudinary.com/maaji/image/upload/v1542894277/Spring2019/3007SAC34_3007SBC34_3007SCC34_3007SDC34_WHITE_1.jpg,https://res.cloudinary.com/maaji/image/upload/v1542894278/Spring2019/3007SAC34_3007SBC34_3007SCC34_3007SDC34_WHITE_2.jpg,https://res.cloudinary.com/maaji/image/upload/v1542894279/Spring2019/3007SAC34_3007SBC34_3007SCC34_3007SDC34_WHITE_3.jpg,https://res.cloudinary.com/maaji/image/upload/v1542894279/Spring2019/3007SAC34_3007SBC34_3007SCC34_3007SDC34_WHITE_4.jpg
